{"cameraMode":{"drawMode":0,"name":"Shaded","section":"Shading Mode"},"sceneLighting":true,"audioPlay":false,"sceneViewState":{"showFog":true,"showMaterialUpdate":false,"showSkybox":true,"showFlares":true,"showImageEffects":true,"showParticleSystems":true},"in2DMode":false,"pivot":{"x":-8.986567497253418,"y":6.2099995613098148,"z":15.196390151977539},"rotation":{"x":0.07312341034412384,"y":-0.006884727627038956,"z":-0.0005055472138337791,"w":-0.997299075126648},"size":33.746829986572269,"orthographic":true}