{"cameraMode":{"drawMode":0,"name":"Shaded","section":"Shading Mode"},"sceneLighting":true,"audioPlay":false,"sceneViewState":{"showFog":true,"showMaterialUpdate":false,"showSkybox":true,"showFlares":true,"showImageEffects":true,"showParticleSystems":true},"in2DMode":false,"pivot":{"x":-7.329748153686523,"y":-1.8533763885498047,"z":5.822016716003418},"rotation":{"x":0.17839251458644868,"y":-0.35238051414489748,"z":0.06859574466943741,"w":0.9161325097084045},"size":27.123483657836915,"orthographic":false}