{"cameraMode":{"drawMode":0,"name":"Shaded","section":"Shading Mode"},"sceneLighting":true,"audioPlay":false,"sceneViewState":{"showFog":true,"showMaterialUpdate":false,"showSkybox":true,"showFlares":true,"showImageEffects":true,"showParticleSystems":true},"in2DMode":false,"pivot":{"x":1.239738941192627,"y":2.4740705490112306,"z":11.606390953063965},"rotation":{"x":0.23800219595432282,"y":-0.0026179335545748474,"z":0.0006210558349266648,"w":0.9712609648704529},"size":24.429792404174806,"orthographic":false}